accenture2,true
accenturellp,true
acosta,true
advanceddisposal,true
airborn,true
albazai,true
alsafycommunications,true
amarilosas,true
americahomeplace,true
amerluxllc,true
amil,true
angolacables,true
arcosa,true
arrisgroup,true
arterianet,true
aseourbanosasesp,true
astec,true
astecindustries,true
badersultan,true
badgermeter,true
bd,true
bd2,true
berdicosadecv,true
bfernandez,true
bkr,true
brightview,true
broadridge,true
btu,true
businesswireinc,true
capgemini,true
carefusion,true
carverpump,true
cdc,true
cefa,true
cefa2,true
celerosft,true
cenmex,true
cheefatt,true
circularedge,true
cirruscpq,true
cnunimed,true
colegios,true
concur,true
constructionspec,true
coolsys,true
cpicard,true
cpqaccess,true
cree,true
cruzverde,true
csgroup,true
cupagroup,true
data3,true
deacsystems,true
delagelanden,true
deloitteconsulting2,true
deloitteconsulting4,true
deloittecpq,true
diebold,true
dieboldnixdorf,true
/usr/bin/id: cannot find name for group ID 10000
directvar,/usr/bin/id: cannot find name for group ID 10000
true
dover,true
dssinc,true
dunnhumby,true
duraflameinc,true
ebara,true
ecitelecomltd,true
elpc,true
emsertilellc,true
entel,true
entel2,true
eprize,true
epsa,true
equinixinc,true
eriinc,true
esg,true
esgari,true
expressotelecom,true
extreme,true
fadv,true
farmacosesp,true
fgamericainc,true
fgiservicios,true
fico,true
fike,true
finnet,true
fmr,true
fmsucpq,true
formfactor,true
fujibr,true
furuyametal,true
fuyijiaju,true
gasnatural,true
gates,true
gecriticalpower,true
gedigital,true
true
geip,true
genpactprod,true
geog,true
gig,true
gloryltd,true
true
gpsps,true
greenwayhealth,true
griffin,true
grupogim,true
hikvision,true
hitachivantara,true
hogares,true
hogaresunion,true
howmetinc,true
hpi,true
hwi,true
ibm,true
ibmcorp,true
ibvi,true
iccs,true
icontec,true
idexx,true
infosysllc,true
true
ingersollrand,true
inmobilia,true
insperity,true
interfacesys,true
invacare,true
ircompany,true
true
ixiacom,true
jaejsa,true
true
jameshardie,true
javitscenter,true
juniper,true
kohlerpower,true
komorius,true
true
kpmg,true
kpmg2,true
kpsgloballlc,true
lenovous,true
leviton,true
lexmark,true
true
lionbridge,true
lozier,true
mcneilus,true
meltwater,true
true
mercantilseguros,true
mercurymarine,true
metalcasty,true
milacron,true
miltonroy,true
mitutoyo,true
mmaxcpq,true
mms,true
true
ndc,true
necam,true
newscycle,true
nextgen,true
nextiva,true
nittokohki,true
novacomp,true
true
novgp,true
nowtvsales,true
ntamexico,true
ocupa,true
ocupaholdings,true
omegahms,true
oneworkplace,true
opcionesadmin,true
optifinsapidecv,true
osi,true
ozco,true
packsys,true
panduit,true
panhp,true
paychexinc,true
piramidal,true
plantronics,true
poly,true
polycomcpq,true
prd27-bastion,grep: /bmfs/cpqShared/conf/*: No such file or directory
pridemobility,true
prodesp,true
promega,true
prosegur2,true
prosegurglobalus,true
pwc,true
quantum,true
quimica,true
quimica2,true
ramirezysanchez,true
rapiscan,true
raymondcorp,true
redhat,true
republicservices,true
ricoh,true
ricohhk,true
rotometrics,true
rsacanada,true
true
safari,true
sakuraus,true
sankyofrontier,true
sbsi,true
schenck,true
schneider,true
seacoastmedical,true
securitases,true
semexprod,true
sinclairbroadcast,true
sirsidynix,true
sistema,true
sonosite,true
spectrum,true
sportable,true
sprint,true
sprint-i02,true
sprint-i03,true
stryker,true
suma,true
sunquest,true
symc-s02-i01,true
symc-s02-i02,true
tams,true
tandemcorp,true
tarjab,true
tatacx,true
true
tcl,true
tektronix,true
telecomargentina,true
telefonicachile,true
telemar,true
telenorteleste,true
terremark,true
thomsonreuters,true
tjsenterprisesinc,true
transportesmucino,true
trimble,true
turbopartes,true
twg-prod,true
tylertech,true
tylertechinc,true
uniandes,true
unisys,true
unitedmed,true
universalfurniture,true
vanguardgroup,true
vantiv,true
vantivllc,true
velaninc,true
vertex,true
videojet,true
vodafonede,true
vodafonenl,true
vrts-i01,true
vrts-i02,true
vyairemedical,true
waterquote,true
wayne,true
wdc,true
wedogeo,true
williamsscotsman,true
willislease,true
winzercorp,true
womchile,true
worthington,true
true
xcpq,true
xeroxemea,true
xeroxemea-i02,true
xeroxuk,true
xyleminc,true
yamatoscientific,true
yfypackinc,true
zamine,true
zuelligpharma,true
